product_name,rating,review,category
Product 1,3,This is sample customer review 1.,Laptop
Product 2,4,This is sample customer review 2.,Headphones
Product 3,2,This is sample customer review 3.,Mobile
Product 4,5,This is sample customer review 4.,Headphones
Product 5,2,This is sample customer review 5.,Headphones
Product 6,1,This is sample customer review 6.,Home
Product 7,1,This is sample customer review 7.,Headphones
Product 8,4,This is sample customer review 8.,Headphones
Product 9,3,This is sample customer review 9.,Mobile
Product 10,4,This is sample customer review 10.,Home
Product 11,4,This is sample customer review 11.,Fashion
Product 12,4,This is sample customer review 12.,Mobile
Product 13,4,This is sample customer review 13.,Mobile
Product 14,5,This is sample customer review 14.,Fashion
Product 15,5,This is sample customer review 15.,Headphones
Product 16,2,This is sample customer review 16.,Laptop
Product 17,1,This is sample customer review 17.,Home
Product 18,4,This is sample customer review 18.,Laptop
Product 19,2,This is sample customer review 19.,Fashion
Product 20,1,This is sample customer review 20.,Mobile
Product 21,3,This is sample customer review 21.,Mobile
Product 22,5,This is sample customer review 22.,Home
Product 23,1,This is sample customer review 23.,Mobile
Product 24,3,This is sample customer review 24.,Mobile
Product 25,1,This is sample customer review 25.,Home
Product 26,5,This is sample customer review 26.,Home
Product 27,5,This is sample customer review 27.,Fashion
Product 28,2,This is sample customer review 28.,Mobile
Product 29,4,This is sample customer review 29.,Mobile
Product 30,1,This is sample customer review 30.,Fashion
Product 31,1,This is sample customer review 31.,Headphones
Product 32,3,This is sample customer review 32.,Headphones
Product 33,5,This is sample customer review 33.,Headphones
Product 34,1,This is sample customer review 34.,Fashion
Product 35,5,This is sample customer review 35.,Mobile
Product 36,1,This is sample customer review 36.,Fashion
Product 37,2,This is sample customer review 37.,Fashion
Product 38,4,This is sample customer review 38.,Headphones
Product 39,1,This is sample customer review 39.,Laptop
Product 40,5,This is sample customer review 40.,Mobile
Product 41,2,This is sample customer review 41.,Headphones
Product 42,1,This is sample customer review 42.,Laptop
Product 43,3,This is sample customer review 43.,Laptop
Product 44,4,This is sample customer review 44.,Home
Product 45,1,This is sample customer review 45.,Mobile
Product 46,2,This is sample customer review 46.,Laptop
Product 47,3,This is sample customer review 47.,Headphones
Product 48,2,This is sample customer review 48.,Home
Product 49,2,This is sample customer review 49.,Mobile
Product 50,3,This is sample customer review 50.,Fashion
