song_name,artist,genre,popularity,danceability,energy,valence
Song 1,Artist 7,Hip-Hop,73,0.53,0.71,0.58
Song 2,Artist 20,EDM,64,0.9,0.77,0.82
Song 3,Artist 29,EDM,81,0.75,0.82,0.44
Song 4,Artist 15,Pop,81,0.45,0.97,0.87
Song 5,Artist 11,R&B,73,0.5,0.7,0.49
Song 6,Artist 8,R&B,90,0.78,0.59,0.21
Song 7,Artist 29,Hip-Hop,98,0.45,0.86,0.88
Song 8,Artist 21,R&B,98,0.53,0.56,0.27
Song 9,Artist 7,Hip-Hop,61,0.72,0.65,0.44
Song 10,Artist 26,Pop,88,0.8,0.45,0.91
Song 11,Artist 19,EDM,51,0.78,0.41,0.91
Song 12,Artist 23,EDM,52,0.56,0.96,0.63
Song 13,Artist 11,EDM,98,0.81,0.88,0.67
Song 14,Artist 11,R&B,86,0.57,0.8,0.54
Song 15,Artist 24,Pop,98,0.61,0.64,0.42
Song 16,Artist 21,R&B,66,0.82,0.5,0.45
Song 17,Artist 4,R&B,98,0.77,0.49,0.7
Song 18,Artist 8,Pop,51,0.87,0.55,0.76
Song 19,Artist 24,Pop,51,0.78,0.72,0.79
Song 20,Artist 3,Pop,77,0.73,0.81,0.79
Song 21,Artist 22,Pop,72,0.5,0.78,0.27
Song 22,Artist 21,EDM,86,0.63,0.56,0.57
Song 23,Artist 2,Rock,81,0.58,0.95,0.24
Song 24,Artist 24,Rock,82,0.57,0.83,0.61
Song 25,Artist 12,Pop,50,0.94,0.72,0.53
Song 26,Artist 30,Rock,68,0.65,0.75,0.87
Song 27,Artist 6,Rock,51,0.9,0.64,0.46
Song 28,Artist 2,Pop,93,0.77,0.54,0.29
Song 29,Artist 28,Rock,75,0.85,0.61,0.31
Song 30,Artist 21,R&B,81,0.7,0.84,0.77
Song 31,Artist 1,Hip-Hop,55,0.74,0.41,0.66
Song 32,Artist 12,Hip-Hop,81,0.7,0.47,0.28
Song 33,Artist 26,Pop,53,0.55,0.43,0.26
Song 34,Artist 22,EDM,60,0.81,0.42,0.73
Song 35,Artist 29,Pop,66,0.59,0.9,0.25
Song 36,Artist 12,EDM,87,0.46,0.81,0.82
Song 37,Artist 25,Hip-Hop,73,0.77,0.68,0.73
Song 38,Artist 17,Pop,54,0.54,0.46,0.26
Song 39,Artist 27,R&B,83,0.92,0.69,0.26
Song 40,Artist 27,Rock,55,0.93,0.67,0.94
Song 41,Artist 10,EDM,71,0.91,0.5,0.48
Song 42,Artist 28,Rock,60,0.64,0.65,0.48
Song 43,Artist 28,Rock,97,0.46,0.63,0.81
Song 44,Artist 16,Pop,65,0.91,0.76,0.91
Song 45,Artist 15,Rock,82,0.66,0.77,0.94
Song 46,Artist 30,R&B,58,0.93,0.43,0.77
Song 47,Artist 30,Rock,55,0.93,0.62,0.48
Song 48,Artist 15,Pop,65,0.88,0.76,0.26
Song 49,Artist 30,R&B,78,0.6,0.69,0.78
Song 50,Artist 19,Hip-Hop,52,0.64,0.9,0.62
Song 51,Artist 12,Rock,69,0.88,0.78,0.52
Song 52,Artist 23,Pop,85,0.61,0.49,0.88
Song 53,Artist 20,Hip-Hop,68,0.53,0.44,0.28
Song 54,Artist 25,Hip-Hop,75,0.73,0.77,0.57
Song 55,Artist 3,EDM,52,0.92,0.42,0.21
Song 56,Artist 5,R&B,68,0.8,0.74,0.55
Song 57,Artist 19,Rock,69,0.74,0.95,0.24
Song 58,Artist 7,Pop,81,0.5,0.73,0.29
Song 59,Artist 21,EDM,56,0.76,0.63,0.29
Song 60,Artist 9,R&B,90,0.95,0.77,0.69
Song 61,Artist 7,EDM,82,0.52,0.67,0.76
Song 62,Artist 18,R&B,89,0.71,0.72,0.64
Song 63,Artist 4,R&B,88,0.89,0.95,0.92
Song 64,Artist 25,Rock,67,0.82,0.62,0.48
Song 65,Artist 28,R&B,89,0.8,0.96,0.41
Song 66,Artist 14,EDM,50,0.8,0.93,0.85
Song 67,Artist 18,R&B,60,0.63,0.51,0.37
Song 68,Artist 26,Rock,77,0.6,0.44,0.92
Song 69,Artist 9,Rock,74,0.85,0.46,0.21
Song 70,Artist 26,EDM,99,0.86,0.41,0.93
Song 71,Artist 21,Hip-Hop,72,0.88,0.45,0.23
Song 72,Artist 2,Hip-Hop,80,0.91,0.8,0.87
Song 73,Artist 20,R&B,79,0.71,0.44,0.6
Song 74,Artist 28,Pop,91,0.7,0.59,0.94
Song 75,Artist 15,R&B,84,0.85,0.89,0.26
Song 76,Artist 28,EDM,56,0.77,0.41,0.62
Song 77,Artist 7,EDM,65,0.8,0.87,0.93
Song 78,Artist 12,EDM,75,0.85,0.56,0.59
Song 79,Artist 29,EDM,97,0.9,0.47,0.67
Song 80,Artist 8,EDM,98,0.62,0.8,0.72
Song 81,Artist 15,Rock,51,0.64,0.76,0.54
Song 82,Artist 3,Hip-Hop,50,0.5,0.91,0.67
Song 83,Artist 14,EDM,97,0.74,0.83,0.64
Song 84,Artist 17,Pop,61,0.47,0.87,0.88
Song 85,Artist 4,Pop,54,0.68,0.56,0.23
Song 86,Artist 18,Pop,86,0.72,0.5,0.41
Song 87,Artist 8,Pop,81,0.59,0.84,0.91
Song 88,Artist 4,Rock,58,0.75,0.87,0.87
Song 89,Artist 2,Pop,90,0.47,0.97,0.54
Song 90,Artist 30,EDM,84,0.47,0.64,0.67
Song 91,Artist 6,R&B,68,0.86,0.62,0.41
Song 92,Artist 22,Pop,97,0.63,0.85,0.34
Song 93,Artist 10,Rock,65,0.51,0.6,0.55
Song 94,Artist 4,Rock,52,0.71,0.94,0.47
Song 95,Artist 22,Pop,69,0.83,0.9,0.64
Song 96,Artist 29,R&B,73,0.56,0.65,0.26
Song 97,Artist 18,Pop,82,0.76,0.84,0.93
Song 98,Artist 26,Rock,73,0.49,0.84,0.94
Song 99,Artist 12,Hip-Hop,60,0.48,0.46,0.72
Song 100,Artist 2,EDM,98,0.72,0.92,0.6
