order_id,restaurant,city,order_amount,delivery_time,rating
1001,Restaurant 7,Delhi,1460,36,2.6
1002,Restaurant 3,Surat,795,20,4.0
1003,Restaurant 10,Surat,880,44,5.0
1004,Restaurant 10,Pune,317,62,3.9
1005,Restaurant 19,Pune,759,59,3.7
1006,Restaurant 14,Ahmedabad,417,61,3.3
1007,Restaurant 2,Mumbai,970,44,2.8
1008,Restaurant 1,Pune,604,58,4.3
1009,Restaurant 18,Surat,1055,54,3.0
1010,Restaurant 7,Delhi,1071,22,2.8
1011,Restaurant 8,Surat,1130,69,3.6
1012,Restaurant 1,Mumbai,851,56,4.5
1013,Restaurant 3,Surat,783,63,4.4
1014,Restaurant 8,Ahmedabad,279,63,2.6
1015,Restaurant 15,Mumbai,1169,70,3.6
1016,Restaurant 5,Delhi,968,49,3.8
1017,Restaurant 3,Ahmedabad,842,57,4.1
1018,Restaurant 19,Mumbai,1465,53,4.1
1019,Restaurant 1,Delhi,943,31,3.4
1020,Restaurant 15,Ahmedabad,178,38,3.9
1021,Restaurant 8,Ahmedabad,298,56,3.7
1022,Restaurant 2,Mumbai,1469,63,4.7
1023,Restaurant 3,Pune,160,68,3.8
1024,Restaurant 14,Ahmedabad,825,36,3.6
1025,Restaurant 14,Ahmedabad,1286,29,3.5
1026,Restaurant 11,Delhi,336,68,3.9
1027,Restaurant 16,Surat,956,66,4.5
1028,Restaurant 4,Mumbai,893,31,3.8
1029,Restaurant 20,Mumbai,1400,35,4.2
1030,Restaurant 5,Pune,1483,43,4.3
1031,Restaurant 14,Pune,247,38,3.8
1032,Restaurant 16,Mumbai,204,27,3.6
1033,Restaurant 18,Pune,772,50,4.7
1034,Restaurant 7,Delhi,813,40,3.5
1035,Restaurant 10,Mumbai,907,36,3.7
1036,Restaurant 7,Pune,555,42,5.0
1037,Restaurant 1,Mumbai,218,56,2.5
1038,Restaurant 19,Surat,1485,35,3.0
1039,Restaurant 16,Ahmedabad,1462,25,3.5
1040,Restaurant 19,Mumbai,900,27,4.8
1041,Restaurant 4,Ahmedabad,1321,44,2.7
1042,Restaurant 18,Pune,1417,37,2.5
1043,Restaurant 2,Ahmedabad,1107,44,2.6
1044,Restaurant 1,Mumbai,514,31,2.7
1045,Restaurant 15,Surat,631,34,2.6
1046,Restaurant 5,Pune,350,45,3.7
1047,Restaurant 20,Mumbai,303,60,4.0
1048,Restaurant 11,Pune,222,64,3.2
1049,Restaurant 10,Delhi,862,45,3.5
1050,Restaurant 2,Ahmedabad,445,66,2.7
