restaurant_name,average_cost_for_two,user_rating,cuisine
Mumbai Restaurant 1,1178,3.4,Fast Food
Mumbai Restaurant 2,2286,2.9,Fast Food
Mumbai Restaurant 3,1174,4.6,Chinese
Mumbai Restaurant 4,1831,4.5,Gujarati
Mumbai Restaurant 5,639,4.9,Gujarati
Mumbai Restaurant 6,1867,4.9,Italian
Mumbai Restaurant 7,505,4.0,Chinese
Mumbai Restaurant 8,958,4.4,Chinese
Mumbai Restaurant 9,2088,4.8,Chinese
Mumbai Restaurant 10,2194,4.6,Chinese
Mumbai Restaurant 11,259,3.3,Gujarati
Mumbai Restaurant 12,1047,3.7,Gujarati
Mumbai Restaurant 13,1126,3.1,Chinese
Mumbai Restaurant 14,1278,4.8,Italian
Mumbai Restaurant 15,1265,4.1,North Indian
Mumbai Restaurant 16,2074,3.3,North Indian
Mumbai Restaurant 17,623,4.2,Italian
Mumbai Restaurant 18,2443,4.1,Chinese
Mumbai Restaurant 19,473,3.6,Gujarati
Mumbai Restaurant 20,1512,3.0,North Indian
Mumbai Restaurant 21,2474,4.2,Fast Food
Mumbai Restaurant 22,2052,3.9,Fast Food
Mumbai Restaurant 23,1102,4.4,Italian
Mumbai Restaurant 24,312,3.9,Chinese
Mumbai Restaurant 25,1490,4.6,North Indian
Mumbai Restaurant 26,938,4.0,Chinese
Mumbai Restaurant 27,1734,4.0,North Indian
Mumbai Restaurant 28,1883,4.6,Italian
Mumbai Restaurant 29,2402,3.6,Italian
Mumbai Restaurant 30,760,3.1,Fast Food
