movie_name,genre,box_office_collection,release_year,rating
Movie 001,Thriller,96.63,2026,7.8
Movie 002,Drama,47.95,2019,7.6
Movie 003,Action,101.73,2022,7.3
Movie 004,Drama,87.61,2022,7.9
Movie 005,Comedy,125.56,2019,6.6
Movie 006,Family,162.88,2023,4.4
Movie 007,Drama,87.67,2022,7.7
Movie 008,Horror,57.86,2023,7.6
Movie 009,Thriller,156.98,2023,6.3
Movie 010,Horror,112.23,2026,5.9
Movie 011,Family,71.91,2018,8.1
Movie 012,Romance,87.9,2019,6.3
Movie 013,Comedy,90.0,2022,6.4
Movie 014,Horror,58.26,2024,6.3
Movie 015,Drama,85.26,2018,9.4
Movie 016,Family,93.72,2019,6.0
Movie 017,Action,181.36,2022,3.9
Movie 018,Comedy,40.1,2020,6.6
Movie 019,Thriller,110.95,2026,5.6
Movie 020,Thriller,141.28,2025,4.8
Movie 021,Horror,82.76,2019,6.9
Movie 022,Horror,83.61,2020,6.1
Movie 023,Family,118.18,2026,7.7
Movie 024,Comedy,91.64,2019,6.3
Movie 025,Romance,126.72,2022,8.0
Movie 026,Drama,90.12,2018,7.8
Movie 027,Thriller,117.36,2026,6.7
Movie 028,Comedy,122.94,2022,7.5
Movie 029,Comedy,87.09,2018,8.7
Movie 030,Action,100.78,2025,7.4
Movie 031,Horror,53.22,2020,5.1
Movie 032,Thriller,94.68,2019,6.8
Movie 033,Thriller,105.28,2026,6.9
Movie 034,Romance,64.05,2018,8.0
Movie 035,Drama,128.92,2025,6.5
Movie 036,Animation,176.11,2020,7.9
Movie 037,Comedy,100.37,2021,6.5
Movie 038,Horror,56.67,2019,6.7
Movie 039,Thriller,150.67,2022,6.4
Movie 040,Animation,190.09,2018,6.7
Movie 041,Horror,115.47,2022,6.5
Movie 042,Romance,60.09,2018,7.0
Movie 043,Romance,73.18,2019,5.8
Movie 044,Family,157.11,2022,5.5
Movie 045,Comedy,54.17,2026,6.6
Movie 046,Horror,71.96,2021,6.8
Movie 047,Animation,152.87,2018,6.2
Movie 048,Drama,98.29,2019,7.1
Movie 049,Drama,65.21,2026,7.0
Movie 050,Family,108.11,2024,8.5
Movie 051,Horror,32.36,2024,5.1
Movie 052,Horror,93.01,2025,8.8
Movie 053,Action,152.21,2022,4.1
Movie 054,Family,112.27,2023,4.7
Movie 055,Family,105.97,2021,6.9
Movie 056,Drama,102.53,2018,5.6
Movie 057,Romance,79.22,2026,6.3
Movie 058,Family,121.8,2026,6.1
Movie 059,Comedy,75.28,2019,5.2
Movie 060,Romance,76.69,2024,5.1
Movie 061,Romance,46.89,2025,6.2
Movie 062,Action,116.36,2021,7.0
Movie 063,Drama,67.82,2020,7.2
Movie 064,Action,118.35,2024,6.7
Movie 065,Action,95.61,2020,6.2
Movie 066,Romance,59.25,2020,7.9
Movie 067,Thriller,134.91,2025,4.2
Movie 068,Thriller,126.67,2019,6.6
Movie 069,Family,90.58,2018,7.9
Movie 070,Drama,106.13,2026,8.3
Movie 071,Thriller,124.88,2023,7.9
Movie 072,Comedy,164.82,2025,8.0
Movie 073,Horror,29.59,2025,7.7
Movie 074,Comedy,93.15,2020,6.7
Movie 075,Comedy,47.01,2025,4.1
Movie 076,Comedy,122.97,2024,6.0
Movie 077,Horror,60.77,2022,6.3
Movie 078,Action,209.64,2018,8.3
Movie 079,Drama,102.72,2023,6.1
Movie 080,Comedy,106.63,2020,6.2
Movie 081,Animation,5.0,2018,7.3
Movie 082,Comedy,51.89,2024,5.5
Movie 083,Family,109.33,2023,6.6
Movie 084,Romance,41.3,2019,7.2
Movie 085,Thriller,132.53,2018,6.3
Movie 086,Thriller,158.62,2018,6.5
Movie 087,Drama,53.44,2021,4.7
Movie 088,Thriller,95.03,2023,5.3
Movie 089,Romance,92.39,2023,6.3
Movie 090,Drama,156.24,2025,7.9
Movie 091,Horror,88.7,2026,6.0
Movie 092,Drama,120.35,2023,5.6
Movie 093,Action,127.87,2019,5.7
Movie 094,Drama,97.29,2026,7.3
Movie 095,Thriller,116.37,2025,5.0
Movie 096,Animation,112.49,2019,6.8
Movie 097,Comedy,98.4,2025,6.2
Movie 098,Animation,126.74,2020,6.7
Movie 099,Horror,55.89,2019,5.8
Movie 100,Romance,131.49,2024,6.7
