track_name,danceability,energy,valence,popularity,artist
Track 001,0.856,0.879,0.39,60,Artist 01
Track 002,0.446,0.651,0.15,24,Artist 02
Track 003,0.926,0.832,0.687,60,Artist 03
Track 004,0.766,0.61,0.545,67,Artist 04
Track 005,0.44,0.729,0.582,51,Artist 05
Track 006,0.475,0.295,0.463,38,Artist 06
Track 007,0.349,0.407,0.216,22,Artist 07
Track 008,0.429,0.512,0.547,43,Artist 08
Track 009,0.921,0.493,0.635,48,Artist 09
Track 010,0.554,0.398,0.704,63,Artist 10
Track 011,0.773,0.811,0.265,58,Artist 11
Track 012,0.326,0.38,0.219,44,Artist 12
Track 013,0.799,0.479,0.512,33,Artist 13
Track 014,0.312,0.686,0.641,45,Artist 14
Track 015,0.469,0.512,0.464,53,Artist 15
Track 016,0.765,0.669,0.229,71,Artist 16
Track 017,0.895,1.0,0.337,77,Artist 17
Track 018,0.466,0.213,0.48,29,Artist 18
Track 019,0.336,0.306,0.0,65,Artist 19
Track 020,0.912,0.572,0.395,53,Artist 20
Track 021,0.365,0.657,0.286,39,Artist 21
Track 022,0.254,0.209,0.191,26,Artist 22
Track 023,0.383,0.853,0.388,35,Artist 23
Track 024,0.706,0.704,0.637,51,Artist 24
Track 025,0.506,0.557,0.434,37,Artist 25
Track 026,0.86,0.884,0.239,53,Artist 26
Track 027,0.803,0.636,0.791,50,Artist 27
Track 028,0.655,0.426,0.668,46,Artist 28
Track 029,0.491,0.385,0.185,46,Artist 29
Track 030,0.749,0.648,0.401,44,Artist 30
Track 031,0.876,0.541,0.233,38,Artist 31
Track 032,0.568,0.562,0.71,56,Artist 32
Track 033,0.875,0.602,0.425,54,Artist 33
Track 034,0.76,0.612,0.575,62,Artist 34
Track 035,0.827,0.675,0.617,47,Artist 35
Track 036,0.415,0.735,0.619,47,Artist 01
Track 037,0.626,0.988,0.452,47,Artist 02
Track 038,0.595,0.896,0.337,37,Artist 03
Track 039,0.442,0.455,0.484,36,Artist 04
Track 040,0.881,0.617,0.751,57,Artist 05
Track 041,0.705,0.834,0.345,58,Artist 06
Track 042,0.809,0.947,0.489,47,Artist 07
Track 043,0.613,0.766,0.087,56,Artist 08
Track 044,0.723,0.557,0.781,66,Artist 09
Track 045,0.603,0.652,0.274,51,Artist 10
Track 046,0.889,0.715,0.757,56,Artist 11
Track 047,0.728,0.857,0.665,49,Artist 12
Track 048,0.585,0.756,0.584,63,Artist 13
Track 049,0.787,0.746,0.708,49,Artist 14
Track 050,0.803,0.642,0.331,68,Artist 15
Track 051,0.856,1.0,0.576,43,Artist 16
Track 052,0.698,0.692,0.307,29,Artist 17
Track 053,0.708,0.813,0.439,60,Artist 18
Track 054,0.849,0.847,0.363,44,Artist 19
Track 055,0.874,0.904,1.0,78,Artist 20
Track 056,0.495,0.754,0.432,43,Artist 21
Track 057,0.866,0.697,0.76,54,Artist 22
Track 058,0.858,0.675,0.391,59,Artist 23
Track 059,0.84,0.855,0.927,77,Artist 24
Track 060,0.893,0.198,0.535,58,Artist 25
Track 061,0.608,0.599,0.398,46,Artist 26
Track 062,0.758,0.612,0.437,49,Artist 27
Track 063,0.379,0.609,0.0,48,Artist 28
Track 064,0.677,0.713,0.02,39,Artist 29
Track 065,0.343,0.423,0.373,27,Artist 30
Track 066,0.444,0.307,0.133,25,Artist 31
Track 067,0.331,0.419,0.269,74,Artist 32
Track 068,0.492,0.486,0.832,66,Artist 33
Track 069,0.851,0.764,0.473,65,Artist 34
Track 070,0.545,0.613,0.861,49,Artist 35
Track 071,0.876,0.638,0.62,65,Artist 01
Track 072,0.514,0.649,0.154,27,Artist 02
Track 073,0.272,0.319,0.425,33,Artist 03
Track 074,0.853,0.826,0.786,75,Artist 04
Track 075,0.641,0.679,0.625,57,Artist 05
Track 076,0.437,0.735,0.212,33,Artist 06
Track 077,0.497,0.542,0.15,43,Artist 07
Track 078,0.7,0.949,0.666,60,Artist 08
Track 079,0.781,0.644,0.927,77,Artist 09
Track 080,0.564,0.425,0.808,60,Artist 10
Track 081,0.556,0.693,0.336,52,Artist 11
Track 082,0.944,0.58,0.528,85,Artist 12
Track 083,0.916,0.852,0.629,60,Artist 13
Track 084,0.745,0.756,0.742,75,Artist 14
Track 085,0.314,0.47,0.416,47,Artist 15
Track 086,0.803,0.793,0.62,61,Artist 16
Track 087,0.688,0.689,0.477,50,Artist 17
Track 088,0.299,0.657,0.0,46,Artist 18
Track 089,0.696,0.636,0.208,70,Artist 19
Track 090,0.833,0.387,0.572,36,Artist 20
Track 091,0.851,0.683,0.2,58,Artist 21
Track 092,0.605,0.755,0.9,71,Artist 22
Track 093,0.897,0.953,0.388,56,Artist 23
Track 094,0.844,0.867,0.695,57,Artist 24
Track 095,0.593,0.605,0.649,70,Artist 25
Track 096,0.566,0.418,0.684,47,Artist 26
Track 097,0.539,0.848,0.159,48,Artist 27
Track 098,0.926,0.687,0.539,68,Artist 28
Track 099,0.773,0.506,0.858,62,Artist 29
Track 100,0.919,0.352,0.594,63,Artist 30
Track 101,0.552,0.915,0.608,65,Artist 31
Track 102,0.881,0.762,0.016,74,Artist 32
Track 103,0.482,0.2,0.481,46,Artist 33
Track 104,0.786,0.863,0.556,74,Artist 34
Track 105,0.791,0.83,0.494,53,Artist 35
Track 106,0.454,0.214,0.0,39,Artist 01
Track 107,0.282,0.555,0.142,34,Artist 02
Track 108,0.847,0.746,0.484,78,Artist 03
Track 109,0.525,0.677,0.324,54,Artist 04
Track 110,0.288,0.663,0.061,56,Artist 05
Track 111,0.518,0.476,0.65,48,Artist 06
Track 112,0.341,0.839,0.544,41,Artist 07
Track 113,0.29,0.399,0.231,47,Artist 08
Track 114,0.738,0.571,0.826,58,Artist 09
Track 115,0.883,0.974,0.294,48,Artist 10
Track 116,0.775,0.578,0.583,54,Artist 11
Track 117,0.458,0.451,0.748,40,Artist 12
Track 118,0.863,0.896,0.682,83,Artist 13
Track 119,0.698,0.493,0.449,52,Artist 14
Track 120,0.475,0.278,0.501,52,Artist 15
Track 121,0.361,0.503,0.316,49,Artist 16
Track 122,0.883,0.75,0.439,76,Artist 17
Track 123,0.868,0.64,0.379,65,Artist 18
Track 124,0.433,0.658,0.375,55,Artist 19
Track 125,0.479,0.301,0.357,48,Artist 20
Track 126,0.832,0.853,0.609,50,Artist 21
Track 127,0.258,0.191,0.108,32,Artist 22
Track 128,0.739,0.746,0.559,46,Artist 23
Track 129,0.716,0.429,0.701,41,Artist 24
Track 130,0.571,0.678,0.289,52,Artist 25
Track 131,0.718,0.635,0.844,39,Artist 26
Track 132,0.526,0.457,0.239,42,Artist 27
Track 133,0.846,0.73,0.374,70,Artist 28
Track 134,0.331,0.392,0.183,36,Artist 29
Track 135,0.904,0.897,0.285,70,Artist 30
Track 136,0.743,0.536,0.14,37,Artist 31
Track 137,0.451,0.562,0.103,41,Artist 32
Track 138,0.339,0.362,0.262,7,Artist 33
Track 139,0.493,0.396,0.198,27,Artist 34
Track 140,0.9,0.651,0.885,55,Artist 35
Track 141,0.263,0.174,0.239,51,Artist 01
Track 142,0.622,0.637,0.34,72,Artist 02
Track 143,0.607,0.586,0.3,25,Artist 03
Track 144,0.886,0.794,0.648,58,Artist 04
Track 145,0.869,0.433,0.56,45,Artist 05
Track 146,0.789,0.594,0.58,74,Artist 06
Track 147,0.48,0.761,0.564,61,Artist 07
Track 148,0.434,0.684,0.704,46,Artist 08
Track 149,0.503,0.486,0.19,51,Artist 09
Track 150,0.918,0.75,0.723,77,Artist 10
Track 151,0.895,0.771,0.569,54,Artist 11
Track 152,0.494,0.694,0.449,60,Artist 12
Track 153,0.946,1.0,0.451,73,Artist 13
Track 154,0.444,0.531,0.51,54,Artist 14
Track 155,0.481,0.546,0.524,27,Artist 15
Track 156,0.269,0.376,0.38,36,Artist 16
Track 157,0.659,0.666,0.29,24,Artist 17
Track 158,0.673,0.932,0.624,64,Artist 18
Track 159,0.352,0.313,0.121,26,Artist 19
Track 160,0.388,0.567,0.009,55,Artist 20
Track 161,0.28,0.184,0.482,51,Artist 21
Track 162,0.293,0.203,0.28,14,Artist 22
Track 163,0.704,0.336,0.128,62,Artist 23
Track 164,0.66,0.501,0.307,43,Artist 24
Track 165,0.838,0.974,0.541,76,Artist 25
Track 166,0.251,0.662,0.506,45,Artist 26
Track 167,0.29,0.535,0.256,36,Artist 27
Track 168,0.863,0.72,0.367,56,Artist 28
Track 169,0.44,0.67,0.135,39,Artist 29
Track 170,0.684,0.434,0.172,63,Artist 30
Track 171,0.534,0.281,0.382,43,Artist 31
Track 172,0.85,0.561,0.368,44,Artist 32
Track 173,0.93,0.724,0.713,72,Artist 33
Track 174,0.322,0.083,0.162,25,Artist 34
Track 175,0.344,0.28,0.564,45,Artist 35
Track 176,0.712,0.936,0.435,51,Artist 01
Track 177,0.481,0.465,0.393,49,Artist 02
Track 178,0.469,0.422,0.356,32,Artist 03
Track 179,0.444,0.362,0.339,32,Artist 04
Track 180,0.5,0.637,0.752,56,Artist 05
Track 181,0.364,0.547,0.18,51,Artist 06
Track 182,0.353,0.439,0.219,41,Artist 07
Track 183,0.554,0.509,0.364,46,Artist 08
Track 184,0.879,0.345,0.699,86,Artist 09
Track 185,0.328,0.144,0.103,30,Artist 10
Track 186,0.687,0.54,0.793,26,Artist 11
Track 187,0.749,0.547,0.285,59,Artist 12
Track 188,0.804,0.624,0.398,49,Artist 13
Track 189,0.437,0.381,0.389,25,Artist 14
Track 190,0.375,0.747,0.377,59,Artist 15
Track 191,0.793,0.873,0.311,69,Artist 16
Track 192,0.448,0.276,0.567,38,Artist 17
Track 193,0.271,0.502,0.703,38,Artist 18
Track 194,0.813,0.751,0.52,60,Artist 19
Track 195,0.57,0.534,0.591,62,Artist 20
Track 196,0.865,0.667,0.712,51,Artist 21
Track 197,0.344,0.474,0.903,63,Artist 22
Track 198,0.471,0.814,0.435,55,Artist 23
Track 199,0.908,0.641,0.67,67,Artist 24
Track 200,0.708,0.592,0.429,72,Artist 25
Track 201,0.445,0.448,0.458,41,Artist 26
Track 202,0.849,0.404,0.492,62,Artist 27
Track 203,0.301,0.388,0.241,38,Artist 28
Track 204,0.505,0.359,0.354,8,Artist 29
Track 205,0.745,0.691,0.707,57,Artist 30
Track 206,0.49,0.569,0.329,47,Artist 31
Track 207,0.493,0.821,0.589,52,Artist 32
Track 208,0.777,0.627,0.487,71,Artist 33
Track 209,0.939,0.712,0.847,60,Artist 34
Track 210,0.737,0.775,0.237,61,Artist 35
Track 211,0.623,0.933,0.204,59,Artist 01
Track 212,0.444,0.509,0.514,51,Artist 02
Track 213,0.328,0.498,0.66,24,Artist 03
Track 214,0.625,0.685,0.351,46,Artist 04
Track 215,0.452,0.573,0.0,36,Artist 05
Track 216,0.397,0.363,0.603,61,Artist 06
Track 217,0.712,0.499,0.595,49,Artist 07
Track 218,0.327,0.293,0.166,42,Artist 08
Track 219,0.323,0.345,0.637,43,Artist 09
Track 220,0.707,0.688,0.788,42,Artist 10
Track 221,0.295,0.242,0.18,20,Artist 11
Track 222,0.947,0.637,0.503,63,Artist 12
Track 223,0.486,0.506,0.542,55,Artist 13
Track 224,0.544,0.515,0.567,67,Artist 14
Track 225,0.33,0.432,0.631,39,Artist 15
Track 226,0.781,0.455,0.628,39,Artist 16
Track 227,0.79,1.0,0.957,67,Artist 17
Track 228,0.569,0.516,0.344,30,Artist 18
Track 229,0.839,0.666,0.341,72,Artist 19
Track 230,0.939,0.617,0.443,55,Artist 20
Track 231,0.513,0.6,0.23,45,Artist 21
Track 232,0.699,0.807,0.448,78,Artist 22
Track 233,0.255,0.364,0.105,38,Artist 23
Track 234,0.919,0.736,0.743,48,Artist 24
Track 235,0.853,0.672,0.802,66,Artist 25
Track 236,0.438,0.868,0.725,46,Artist 26
Track 237,0.532,0.633,0.291,32,Artist 27
Track 238,0.364,0.359,0.049,25,Artist 28
Track 239,0.783,0.705,0.419,39,Artist 29
Track 240,0.564,0.736,0.423,57,Artist 30
Track 241,0.467,0.523,0.265,33,Artist 31
Track 242,0.813,0.75,0.618,55,Artist 32
Track 243,0.446,0.515,0.469,56,Artist 33
Track 244,0.493,0.479,0.454,42,Artist 34
Track 245,0.644,0.698,0.248,45,Artist 35
Track 246,0.927,1.0,0.743,70,Artist 01
Track 247,0.319,0.497,0.109,30,Artist 02
Track 248,0.509,0.471,0.0,41,Artist 03
Track 249,0.818,0.558,0.463,52,Artist 04
Track 250,0.308,0.394,0.539,50,Artist 05
