restaurant_name,average_cost_for_two,user_rating,category,city
Restaurant 001,300,3.2,Chinese,Vadodara
Restaurant 002,1200,3.1,South Indian,Mumbai
Restaurant 003,800,4.3,Cafe,Mumbai
Restaurant 004,500,4.0,North Indian,Ahmedabad
Restaurant 005,200,3.7,South Indian,Pune
Restaurant 006,1000,3.9,Chinese,Pune
Restaurant 007,500,3.6,Fast Food,Vadodara
Restaurant 008,1200,3.5,Cafe,Vadodara
Restaurant 009,500,3.5,Cafe,Surat
Restaurant 010,800,4.0,Fast Food,Mumbai
Restaurant 011,300,4.5,North Indian,Surat
Restaurant 012,650,3.5,North Indian,Surat
Restaurant 013,200,3.8,Italian,Mumbai
Restaurant 014,1000,3.7,Cafe,Surat
Restaurant 015,200,3.1,Chinese,Pune
Restaurant 016,1000,3.9,North Indian,Surat
Restaurant 017,1000,4.3,North Indian,Surat
Restaurant 018,650,3.3,North Indian,Vadodara
Restaurant 019,1200,4.3,Cafe,Ahmedabad
Restaurant 020,800,3.5,South Indian,Pune
Restaurant 021,1200,4.4,North Indian,Ahmedabad
Restaurant 022,1000,4.5,Cafe,Vadodara
Restaurant 023,1500,3.6,Chinese,Mumbai
Restaurant 024,200,2.7,North Indian,Mumbai
Restaurant 025,200,3.6,Italian,Surat
Restaurant 026,800,3.0,North Indian,Mumbai
Restaurant 027,1000,3.1,Cafe,Surat
Restaurant 028,1000,3.7,South Indian,Mumbai
Restaurant 029,1200,4.5,Cafe,Ahmedabad
Restaurant 030,500,3.7,Cafe,Vadodara
Restaurant 031,1200,3.7,Chinese,Pune
Restaurant 032,650,2.8,Italian,Ahmedabad
Restaurant 033,300,3.5,Fast Food,Surat
Restaurant 034,400,3.0,South Indian,Vadodara
Restaurant 035,1200,4.1,North Indian,Vadodara
Restaurant 036,800,3.5,Chinese,Ahmedabad
Restaurant 037,1200,3.8,Italian,Pune
Restaurant 038,1500,3.8,Fast Food,Ahmedabad
Restaurant 039,1200,3.7,Cafe,Pune
Restaurant 040,400,4.3,South Indian,Pune
Restaurant 041,800,4.1,Italian,Ahmedabad
Restaurant 042,650,3.6,South Indian,Vadodara
Restaurant 043,400,3.9,Chinese,Mumbai
Restaurant 044,1500,4.1,North Indian,Vadodara
Restaurant 045,1500,4.6,North Indian,Vadodara
Restaurant 046,650,3.9,Italian,Vadodara
Restaurant 047,300,4.6,Italian,Mumbai
Restaurant 048,500,3.5,South Indian,Vadodara
Restaurant 049,500,3.7,Fast Food,Surat
Restaurant 050,1000,3.0,Cafe,Surat
Restaurant 051,1500,4.3,Italian,Vadodara
Restaurant 052,200,3.2,Cafe,Vadodara
Restaurant 053,200,3.2,Cafe,Mumbai
Restaurant 054,300,4.3,Fast Food,Vadodara
Restaurant 055,200,3.5,South Indian,Mumbai
Restaurant 056,1200,3.4,South Indian,Mumbai
Restaurant 057,400,4.3,South Indian,Mumbai
Restaurant 058,300,3.7,South Indian,Vadodara
Restaurant 059,200,4.3,Italian,Pune
Restaurant 060,200,3.6,South Indian,Surat
Restaurant 061,1200,4.2,North Indian,Surat
Restaurant 062,1500,4.4,Cafe,Mumbai
Restaurant 063,300,3.8,Fast Food,Vadodara
Restaurant 064,1000,4.8,Italian,Mumbai
Restaurant 065,1200,3.6,South Indian,Ahmedabad
Restaurant 066,1500,3.7,Chinese,Ahmedabad
Restaurant 067,1500,3.8,Fast Food,Pune
Restaurant 068,1000,4.4,Chinese,Pune
Restaurant 069,1500,3.6,North Indian,Pune
Restaurant 070,1500,3.6,South Indian,Mumbai
Restaurant 071,400,3.9,Chinese,Vadodara
Restaurant 072,500,4.5,Fast Food,Surat
Restaurant 073,800,3.6,Fast Food,Surat
Restaurant 074,1000,3.1,Chinese,Pune
Restaurant 075,650,3.7,North Indian,Vadodara
Restaurant 076,300,4.1,Cafe,Mumbai
Restaurant 077,200,3.5,Italian,Pune
Restaurant 078,1200,3.9,Italian,Surat
Restaurant 079,650,2.8,Italian,Ahmedabad
Restaurant 080,1000,3.8,Fast Food,Surat
Restaurant 081,400,3.9,Italian,Mumbai
Restaurant 082,300,4.1,Cafe,Pune
Restaurant 083,1200,4.0,Fast Food,Ahmedabad
Restaurant 084,300,4.2,Fast Food,Pune
Restaurant 085,1200,3.3,Chinese,Vadodara
Restaurant 086,300,4.2,South Indian,Ahmedabad
Restaurant 087,300,2.9,Fast Food,Ahmedabad
Restaurant 088,1200,3.5,Chinese,Ahmedabad
Restaurant 089,200,4.4,Chinese,Surat
Restaurant 090,800,4.3,Fast Food,Pune
Restaurant 091,1000,2.8,Fast Food,Pune
Restaurant 092,400,4.1,North Indian,Mumbai
Restaurant 093,300,3.6,Italian,Mumbai
Restaurant 094,800,3.4,Italian,Mumbai
Restaurant 095,1000,3.9,South Indian,Vadodara
Restaurant 096,1000,3.9,Chinese,Ahmedabad
Restaurant 097,1200,4.6,South Indian,Pune
Restaurant 098,1000,3.0,Cafe,Mumbai
Restaurant 099,500,3.6,North Indian,Pune
Restaurant 100,1500,3.7,North Indian,Vadodara
Restaurant 101,800,2.8,Chinese,Mumbai
Restaurant 102,1200,4.4,Italian,Mumbai
Restaurant 103,200,4.8,South Indian,Pune
Restaurant 104,500,3.5,South Indian,Mumbai
Restaurant 105,1000,4.0,South Indian,Pune
Restaurant 106,200,3.7,Fast Food,Mumbai
Restaurant 107,1000,3.9,Italian,Surat
Restaurant 108,400,3.4,North Indian,Mumbai
Restaurant 109,500,4.3,Italian,Surat
Restaurant 110,200,3.2,South Indian,Pune
Restaurant 111,1200,4.5,Chinese,Vadodara
Restaurant 112,1200,4.0,South Indian,Mumbai
Restaurant 113,1500,5.0,North Indian,Mumbai
Restaurant 114,1200,2.9,Cafe,Vadodara
Restaurant 115,200,3.7,Chinese,Vadodara
Restaurant 116,300,3.1,Cafe,Pune
Restaurant 117,500,3.7,Cafe,Ahmedabad
Restaurant 118,1500,4.0,South Indian,Mumbai
Restaurant 119,1500,3.3,Chinese,Vadodara
Restaurant 120,400,3.0,Fast Food,Vadodara
